,England and Wales,Scotland,Ireland
10,530.9976763909093,533.2546368867949,464.6155933964344
11,563.8654864267876,567.5661677760378,493.29783611148105
12,600.9218671340129,605.2323552577909,542.2927221201849
13,572.4526075203813,575.8482050377415,532.1291477920159
14,624.865697865438,623.8138570644575,566.774179311028
15,1100.6992456101948,1121.380032270767,781.1205223877977
