,Country,disposable_income
0,England and Wales,571.1193731666667
1,Northern Ireland,876.1610233333333
2,Scotland,1018.6249290833333
