,Region,value
9,London,15.8406
10,South East,12.0967
13,Scotland,11.538
8,East ,11.289200000000001
7,West Midlands,10.81
4,North West,10.75
11,South West,10.739600000000001
3,North East,10.559800000000001
5,Yorkshire and the Humber,10.52
12,Wales,10.5
6,East Midlands,10.424100000000001
14,Northern Ireland,10.1875
